,simulation_ts,lat_val,lng_val,soc_val,prob_val,state_val,tocharge_val
781,2019-07-01 06:00:15,48.49518875675363,-122.61283638265691,82.0,0.0,resting,False
2994,2019-07-01 06:01:15,48.49518875675363,-122.61283638265691,82.0,0.0,resting,False
4815,2019-07-01 06:02:15,48.49518875675363,-122.61283638265691,82.0,0.0,resting,False
6770,2019-07-01 06:03:15,48.49518875675363,-122.61283638265691,82.0,0.0,resting,False
8365,2019-07-01 06:04:15,48.49518875675363,-122.61283638265691,82.0,0.0,resting,False
10211,2019-07-01 06:05:15,48.49518875675363,-122.61283638265691,82.0,0.0,resting,False
12142,2019-07-01 06:06:15,48.49518875675363,-122.61283638265691,82.0,0.0,resting,False
13142,2019-07-01 06:07:15,48.49518875675363,-122.61283638265691,82.0,0.0,resting,False
14973,2019-07-01 06:08:15,48.49518875675363,-122.61283638265691,82.0,0.0,resting,False
17508,2019-07-01 06:09:15,48.49518875675363,-122.61283638265691,82.0,0.0,resting,False
19131,2019-07-01 06:10:15,48.49518875675363,-122.61283638265691,82.0,0.0,resting,False
20963,2019-07-01 06:11:15,48.49518875675363,-122.61283638265691,82.0,0.0,resting,False
22886,2019-07-01 06:12:15,48.49518875675363,-122.61283638265691,82.0,0.0,resting,False
24502,2019-07-01 06:13:15,48.49518875675363,-122.61283638265691,82.0,0.0,resting,False
26338,2019-07-01 06:14:15,48.49518875675363,-122.61283638265691,82.0,0.0,resting,False
28265,2019-07-01 06:15:15,48.49518875675363,-122.61283638265691,82.0,0.0,resting,False
29312,2019-07-01 06:16:15,48.49518875675363,-122.61283638265691,82.0,0.0,resting,False
31745,2019-07-01 06:17:15,48.49518875675363,-122.61283638265691,82.0,0.0,resting,False
33677,2019-07-01 06:18:15,48.49518875675363,-122.61283638265691,82.0,0.0,resting,False
35290,2019-07-01 06:19:15,48.49518875675363,-122.61283638265691,82.0,0.0,resting,False
37139,2019-07-01 06:20:15,48.49518875675363,-122.61283638265691,82.0,0.0,resting,False
39044,2019-07-01 06:21:15,48.49518875675363,-122.61283638265691,82.0,0.0,resting,False
40648,2019-07-01 06:22:15,48.49518875675363,-122.61283638265691,82.0,0.0,resting,False
41922,2019-07-01 06:23:15,48.49518875675363,-122.61283638265691,82.0,0.0,resting,False
43833,2019-07-01 06:24:15,48.49518875675363,-122.61283638265691,82.0,0.0,resting,False
46018,2019-07-01 06:25:15,48.49518875675363,-122.61283638265691,82.0,0.0,resting,False
47897,2019-07-01 06:26:15,48.49518875675363,-122.61283638265691,82.0,0.0,resting,False
49804,2019-07-01 06:27:15,48.49518875675363,-122.61283638265691,82.0,0.0,resting,False
51418,2019-07-01 06:28:15,48.49518875675363,-122.61283638265691,82.0,0.0,resting,False
53277,2019-07-01 06:29:15,48.49518875675363,-122.61283638265691,82.0,0.0,resting,False
55161,2019-07-01 06:30:15,48.49518875675363,-122.61283638265691,82.0,0.0,resting,False
56206,2019-07-01 06:31:15,48.49518875675363,-122.61283638265691,82.0,0.0,resting,False
58071,2019-07-01 06:32:15,48.49518875675363,-122.61283638265691,82.0,0.0,resting,False
60579,2019-07-01 06:33:15,48.49518875675363,-122.61283638265691,82.0,0.0,resting,False
62194,2019-07-01 06:34:15,48.49518875675363,-122.61283638265691,82.0,0.0,resting,False
64025,2019-07-01 06:35:15,48.49518875675363,-122.61283638265691,82.0,0.0,resting,False
65963,2019-07-01 06:36:15,48.49518875675363,-122.61283638265691,82.0,0.0,resting,False
67571,2019-07-01 06:37:15,48.49518875675363,-122.61283638265691,82.0,0.0,resting,False
69383,2019-07-01 06:38:15,48.49518875675363,-122.61283638265691,82.0,0.0,resting,False
71356,2019-07-01 06:39:15,48.49518875675363,-122.61283638265691,82.0,0.0,resting,False
72336,2019-07-01 06:40:15,48.49518875675363,-122.61283638265691,82.0,0.0,resting,False
74792,2019-07-01 06:41:15,48.49518875675363,-122.61283638265691,82.0,0.0,resting,False
76726,2019-07-01 06:42:15,48.49518875675363,-122.61283638265691,82.0,0.0,resting,False
78318,2019-07-01 06:43:15,48.49518875675363,-122.61283638265691,82.0,0.0,resting,False
80205,2019-07-01 06:44:15,48.49518875675363,-122.61283638265691,82.0,0.0,resting,False
82080,2019-07-01 06:45:15,48.49518875675363,-122.61283638265691,82.0,0.0,resting,False
83699,2019-07-01 06:46:15,48.49518875675363,-122.61283638265691,82.0,0.0,resting,False
84957,2019-07-01 06:47:15,48.49518875675363,-122.61283638265691,82.0,0.0,resting,False
86864,2019-07-01 06:48:15,48.49518875675363,-122.61283638265691,82.0,0.0,resting,False
89109,2019-07-01 06:49:15,48.49518875675363,-122.61283638265691,82.0,0.0,resting,False
90936,2019-07-01 06:50:15,48.49518875675363,-122.61283638265691,82.0,0.0,resting,False
92871,2019-07-01 06:51:15,48.49518875675363,-122.61283638265691,82.0,0.0,resting,False
94508,2019-07-01 06:52:15,48.49518875675363,-122.61283638265691,82.0,0.0,resting,False
96329,2019-07-01 06:53:15,48.49518875675363,-122.61283638265691,82.0,0.0,resting,False
98237,2019-07-01 06:54:15,48.49518875675363,-122.61283638265691,82.0,0.0,resting,False
99266,2019-07-01 06:55:15,48.49518875675363,-122.61283638265691,82.0,0.0,resting,False
101115,2019-07-01 06:56:15,48.49518875675363,-122.61283638265691,82.0,0.0,resting,False
103638,2019-07-01 06:57:15,48.49518875675363,-122.61283638265691,82.0,0.0,resting,False
105227,2019-07-01 06:58:15,48.49518875675363,-122.61283638265691,82.0,0.0,resting,False
107070,2019-07-01 06:59:15,48.49518875675363,-122.61283638265691,82.0,0.0,resting,False
109003,2019-07-01 07:00:15,48.49518875675363,-122.61283638265691,82.0,0.0,resting,False
110619,2019-07-01 07:01:15,48.49518875675363,-122.61283638265691,82.0,0.0,resting,False
112463,2019-07-01 07:02:15,48.49518875675363,-122.61283638265691,82.0,0.0,resting,False
114411,2019-07-01 07:03:15,48.49518875675363,-122.61283638265691,82.0,0.0,resting,False
115398,2019-07-01 07:04:15,48.49518875675363,-122.61283638265691,82.0,0.0,resting,False
117830,2019-07-01 07:05:15,48.49518875675363,-122.61283638265691,82.0,0.0,resting,False
119758,2019-07-01 07:06:15,48.49518875675363,-122.61283638265691,82.0,0.0,resting,False
121370,2019-07-01 07:07:15,48.49518875675363,-122.61283638265691,82.0,0.0,resting,False
123256,2019-07-01 07:08:15,48.49518875675363,-122.61283638265691,82.0,0.0,resting,False
125163,2019-07-01 07:09:15,48.49518875675363,-122.61283638265691,82.0,0.0,resting,False
126769,2019-07-01 07:10:15,48.49518875675363,-122.61283638265691,82.0,0.0,resting,False
128000,2019-07-01 07:11:15,48.49518875675363,-122.61283638265691,82.0,0.0,resting,False
129939,2019-07-01 07:12:15,48.49518875675363,-122.61283638265691,82.0,0.0,resting,False
132159,2019-07-01 07:13:15,48.49518875675363,-122.61283638265691,82.0,0.0,resting,False
133997,2019-07-01 07:14:15,48.49518875675363,-122.61283638265691,82.0,0.0,resting,False
135918,2019-07-01 07:15:15,48.49518875675363,-122.61283638265691,82.0,0.0,resting,False
137554,2019-07-01 07:16:15,48.49518875675363,-122.61283638265691,82.0,0.0,resting,False
139384,2019-07-01 07:17:15,48.49518875675363,-122.61283638265691,82.0,0.0,resting,False
141291,2019-07-01 07:18:15,48.49518875675363,-122.61283638265691,82.0,0.0,resting,False
142309,2019-07-01 07:19:15,48.49518875675363,-122.61283638265691,82.0,0.0,resting,False
144183,2019-07-01 07:20:15,48.49518875675363,-122.61283638265691,82.0,0.0,resting,False
146684,2019-07-01 07:21:15,48.49518875675363,-122.61283638265691,82.0,0.0,resting,False
148290,2019-07-01 07:22:15,48.49518875675363,-122.61283638265691,82.0,0.0,resting,False
150118,2019-07-01 07:23:15,48.49518875675363,-122.61283638265691,82.0,0.0,resting,False
152097,2019-07-01 07:24:15,48.49518875675363,-122.61283638265691,82.0,0.0,resting,False
153704,2019-07-01 07:25:15,48.49518875675363,-122.61283638265691,82.0,0.0,resting,False
155506,2019-07-01 07:26:15,48.49518875675363,-122.61283638265691,82.0,0.0,resting,False
157430,2019-07-01 07:27:15,48.49518875675363,-122.61283638265691,82.0,0.0,resting,False
158463,2019-07-01 07:28:15,48.49518875675363,-122.61283638265691,82.0,0.0,resting,False
160878,2019-07-01 07:29:15,48.49518875675363,-122.61283638265691,82.0,0.0,resting,False
162804,2019-07-01 07:30:15,48.49518875675363,-122.61283638265691,82.0,0.0,resting,False
164439,2019-07-01 07:31:15,48.49518875675363,-122.61283638265691,82.0,0.0,resting,False
166277,2019-07-01 07:32:15,48.49518875675363,-122.61283638265691,82.0,0.0,resting,False
168229,2019-07-01 07:33:15,48.49518875675363,-122.61283638265691,82.0,0.0,resting,False
169840,2019-07-01 07:34:15,48.49518875675363,-122.61283638265691,82.0,0.0,resting,False
171065,2019-07-01 07:35:15,48.49518875675363,-122.61283638265691,82.0,0.0,resting,False
173014,2019-07-01 07:36:15,48.49518875675363,-122.61283638265691,82.0,0.0,resting,False
175210,2019-07-01 07:37:15,48.49518875675363,-122.61283638265691,82.0,0.0,resting,False
177059,2019-07-01 07:38:15,48.49518875675363,-122.61283638265691,82.0,0.0,resting,False
178953,2019-07-01 07:39:15,48.49518875675363,-122.61283638265691,82.0,0.0,resting,False
180591,2019-07-01 07:40:15,48.49518875675363,-122.61283638265691,82.0,0.0,resting,False
182415,2019-07-01 07:41:15,48.49518875675363,-122.61283638265691,82.0,0.0,resting,False
184360,2019-07-01 07:42:15,48.49518875675363,-122.61283638265691,82.0,0.0,resting,False
185363,2019-07-01 07:43:15,48.49518875675363,-122.61283638265691,82.0,0.0,resting,False
187219,2019-07-01 07:44:15,48.49518875675363,-122.61283638265691,82.0,0.0,resting,False
189717,2019-07-01 07:45:15,48.49518875675363,-122.61283638265691,82.0,0.0,resting,False
191344,2019-07-01 07:46:15,48.49518875675363,-122.61283638265691,82.0,0.0,resting,False
193147,2019-07-01 07:47:15,48.49518875675363,-122.61283638265691,82.0,0.0,resting,False
195079,2019-07-01 07:48:15,48.49518875675363,-122.61283638265691,82.0,0.0,resting,False
196699,2019-07-01 07:49:15,48.49518875675363,-122.61283638265691,82.0,0.0,resting,False
198530,2019-07-01 07:50:15,48.49518875675363,-122.61283638265691,82.0,0.0,resting,False
200459,2019-07-01 07:51:15,48.49518875675363,-122.61283638265691,82.0,0.0,resting,False
201469,2019-07-01 07:52:15,48.49518875675363,-122.61283638265691,82.0,0.0,resting,False
203897,2019-07-01 07:53:15,48.49518875675363,-122.61283638265691,82.0,0.0,resting,False
205810,2019-07-01 07:54:15,48.49518875675363,-122.61283638265691,82.0,0.0,resting,False
207431,2019-07-01 07:55:15,48.49518875675363,-122.61283638265691,82.0,0.0,resting,False
209244,2019-07-01 07:56:15,48.49518875675363,-122.61283638265691,82.0,0.0,resting,False
211157,2019-07-01 07:57:15,48.49518875675363,-122.61283638265691,82.0,0.0,resting,False
212781,2019-07-01 07:58:15,48.49518875675363,-122.61283638265691,82.0,0.0,resting,False
214037,2019-07-01 07:59:15,48.49518875675363,-122.61283638265691,82.0,0.0,resting,False
215931,2019-07-01 08:00:15,48.49518875675363,-122.61283638265691,82.0,0.0,resting,False
218123,2019-07-01 08:01:15,48.49518875675363,-122.61283638265691,82.0,0.0,resting,False
219958,2019-07-01 08:02:15,48.49518875675363,-122.61283638265691,82.0,0.0,resting,False
221899,2019-07-01 08:03:15,48.49518875675363,-122.61283638265691,82.0,0.0,resting,False
223537,2019-07-01 08:04:15,48.49518875675363,-122.61283638265691,82.0,0.0,resting,False
225321,2019-07-01 08:05:15,48.49518875675363,-122.61283638265691,82.0,0.0,resting,False
227231,2019-07-01 08:06:15,48.49518875675363,-122.61283638265691,82.0,0.0,resting,False
228248,2019-07-01 08:07:15,48.49518875675363,-122.61283638265691,82.0,0.0,resting,False
230098,2019-07-01 08:08:15,48.49518875675363,-122.61283638265691,82.0,0.0,resting,False
232556,2019-07-01 08:09:15,48.49518875675363,-122.61283638265691,82.0,0.0,resting,False
234200,2019-07-01 08:10:15,48.49518875675363,-122.61283638265691,82.0,0.0,resting,False
236021,2019-07-01 08:11:15,48.49518875675363,-122.61283638265691,82.0,0.0,resting,False
237919,2019-07-01 08:12:15,48.49518875675363,-122.61283638265691,82.0,0.0,resting,False
239509,2019-07-01 08:13:15,48.49518875675363,-122.61283638265691,82.0,0.0,resting,False
241322,2019-07-01 08:14:15,48.49518875675363,-122.61283638265691,82.0,0.0,resting,False
243226,2019-07-01 08:15:15,48.49518875675363,-122.61283638265691,82.0,0.0,resting,False
244249,2019-07-01 08:16:15,48.49518875675363,-122.61283638265691,82.0,0.0,resting,False
246659,2019-07-01 08:17:15,48.49518875675363,-122.61283638265691,82.0,0.0,resting,False
248586,2019-07-01 08:18:15,48.49518875675363,-122.61283638265691,82.0,0.0,resting,False
250181,2019-07-01 08:19:15,48.49518875675363,-122.61283638265691,82.0,0.0,resting,False
252006,2019-07-01 08:20:15,48.49518875675363,-122.61283638265691,82.0,0.0,resting,False
253897,2019-07-01 08:21:15,48.49518875675363,-122.61283638265691,82.0,0.0,resting,False
255467,2019-07-01 08:22:15,48.49518875675363,-122.61283638265691,82.0,0.0,resting,False
256724,2019-07-01 08:23:15,48.49518875675363,-122.61283638265691,82.0,0.0,resting,False
258611,2019-07-01 08:24:15,48.49518875675363,-122.61283638265691,82.0,0.0,resting,False
260773,2019-07-01 08:25:15,48.49518875675363,-122.61283638265691,82.0,0.0,resting,False
262566,2019-07-01 08:26:15,48.49518875675363,-122.61283638265691,82.0,0.0,resting,False
264462,2019-07-01 08:27:15,48.49518875675363,-122.61283638265691,82.0,0.0,resting,False
266028,2019-07-01 08:28:15,48.49518875675363,-122.61283638265691,82.0,0.0,resting,False
267834,2019-07-01 08:29:15,48.49518875675363,-122.61283638265691,82.0,0.0,resting,False
269700,2019-07-01 08:30:15,48.49518875675363,-122.61283638265691,82.0,0.0,resting,False
270719,2019-07-01 08:31:15,48.49518875675363,-122.61283638265691,82.0,0.0,resting,False
272508,2019-07-01 08:32:15,48.49518875675363,-122.61283638265691,82.0,0.0,resting,False
274930,2019-07-01 08:33:15,48.49518875675363,-122.61283638265691,82.0,0.0,resting,False
276501,2019-07-01 08:34:15,48.49518875675363,-122.61283638265691,82.0,0.0,resting,False
278292,2019-07-01 08:35:15,48.49518875675363,-122.61283638265691,82.0,0.0,resting,False
280196,2019-07-01 08:36:15,48.49518875675363,-122.61283638265691,82.0,0.0,resting,False
281759,2019-07-01 08:37:15,48.49518875675363,-122.61283638265691,82.0,0.0,resting,False
283514,2019-07-01 08:38:15,48.49518875675363,-122.61283638265691,82.0,0.0,resting,False
285401,2019-07-01 08:39:15,48.49518875675363,-122.61283638265691,82.0,0.0,resting,False
286370,2019-07-01 08:40:15,48.49518875675363,-122.61283638265691,82.0,0.0,resting,False
288700,2019-07-01 08:41:15,48.49518875675363,-122.61283638265691,82.0,0.0,resting,False
290554,2019-07-01 08:42:15,48.49518875675363,-122.61283638265691,82.0,0.0,resting,False
292122,2019-07-01 08:43:15,48.49518875675363,-122.61283638265691,82.0,0.0,resting,False
293930,2019-07-01 08:44:15,48.49518875675363,-122.61283638265691,82.0,0.0,resting,False
295752,2019-07-01 08:45:15,48.49518875675363,-122.61283638265691,82.0,0.0,resting,False
297292,2019-07-01 08:46:15,48.49518875675363,-122.61283638265691,82.0,0.0,resting,False
298514,2019-07-01 08:47:15,48.49518875675363,-122.61283638265691,82.0,0.0,resting,False
300377,2019-07-01 08:48:15,48.49518875675363,-122.61283638265691,82.0,0.0,resting,False
302476,2019-07-01 08:49:15,48.49518875675363,-122.61283638265691,82.0,0.0,resting,False
304264,2019-07-01 08:50:15,48.49518875675363,-122.61283638265691,82.0,0.0,resting,False
306085,2019-07-01 08:51:15,48.49518875675363,-122.61283638265691,82.0,0.0,resting,False
307659,2019-07-01 08:52:15,48.49518875675363,-122.61283638265691,82.0,0.0,resting,False
309413,2019-07-01 08:53:15,48.49518875675363,-122.61283638265691,82.0,0.0,resting,False
311240,2019-07-01 08:54:15,48.49518875675363,-122.61283638265691,82.0,0.0,resting,False
312241,2019-07-01 08:55:15,48.49518875675363,-122.61283638265691,82.0,0.0,resting,False
313975,2019-07-01 08:56:15,48.49518875675363,-122.61283638265691,82.0,0.0,resting,False
316392,2019-07-01 08:57:15,48.49518875675363,-122.61283638265691,82.0,0.0,resting,False
317928,2019-07-01 08:58:15,48.49518875675363,-122.61283638265691,82.0,0.0,resting,False
319707,2019-07-01 08:59:15,48.49518875675363,-122.61283638265691,82.0,0.0,resting,False
321549,2019-07-01 09:00:15,48.49518875675363,-122.61283638265691,82.0,0.0,resting,False
323084,2019-07-01 09:01:15,48.49518875675363,-122.61283638265691,82.0,0.0,resting,False
324816,2019-07-01 09:02:15,48.49518875675363,-122.61283638265691,82.0,0.0,resting,False
326663,2019-07-01 09:03:15,48.49518875675363,-122.61283638265691,82.0,0.0,resting,False
327627,2019-07-01 09:04:15,48.49518875675363,-122.61283638265691,82.0,0.0,resting,False
329943,2019-07-01 09:05:15,48.49518875675363,-122.61283638265691,82.0,0.0,resting,False
331789,2019-07-01 09:06:15,48.49518875675363,-122.61283638265691,82.0,0.0,resting,False
333335,2019-07-01 09:07:15,48.49518875675363,-122.61283638265691,82.0,0.0,resting,False
335052,2019-07-01 09:08:15,48.49518875675363,-122.61283638265691,82.0,0.0,resting,False
336883,2019-07-01 09:09:15,48.49518875675363,-122.61283638265691,82.0,0.0,resting,False
338403,2019-07-01 09:10:15,48.49518875675363,-122.61283638265691,82.0,0.0,resting,False
339594,2019-07-01 09:11:15,48.49518875675363,-122.61283638265691,82.0,0.0,resting,False
341402,2019-07-01 09:12:15,48.49518875675363,-122.61283638265691,82.0,0.0,resting,False
343506,2019-07-01 09:13:15,48.49518875675363,-122.61283638265691,82.0,0.0,resting,False
345241,2019-07-01 09:14:15,48.49518875675363,-122.61283638265691,82.0,0.0,resting,False
347043,2019-07-01 09:15:15,48.49518875675363,-122.61283638265691,82.0,0.0,resting,False
348580,2019-07-01 09:16:15,48.49518875675363,-122.61283638265691,82.0,0.0,resting,False
350319,2019-07-01 09:17:15,48.49518875675363,-122.61283638265691,82.0,0.0,resting,False
352115,2019-07-01 09:18:15,48.49518875675363,-122.61283638265691,82.0,0.0,resting,False
353067,2019-07-01 09:19:15,48.49518875675363,-122.61283638265691,82.0,0.0,resting,False
354786,2019-07-01 09:20:15,48.49518875675363,-122.61283638265691,82.0,0.0,resting,False
357151,2019-07-01 09:21:15,48.49518875675363,-122.61283638265691,82.0,0.0,resting,False
358674,2019-07-01 09:22:15,48.49518875675363,-122.61283638265691,82.0,0.0,resting,False
360369,2019-07-01 09:23:15,48.49518875675363,-122.61283638265691,82.0,0.0,resting,False
362185,2019-07-01 09:24:15,48.49518875675363,-122.61283638265691,82.0,0.0,resting,False
363693,2019-07-01 09:25:15,48.49518875675363,-122.61283638265691,82.0,0.0,resting,False
365393,2019-07-01 09:26:15,48.49518875675363,-122.61283638265691,82.0,0.0,resting,False
367171,2019-07-01 09:27:15,48.49518875675363,-122.61283638265691,82.0,0.0,resting,False
368134,2019-07-01 09:28:15,48.49518875675363,-122.61283638265691,82.0,0.0,resting,False
370375,2019-07-01 09:29:15,48.49518875675363,-122.61283638265691,82.0,0.0,resting,False
372133,2019-07-01 09:30:15,48.49518875675363,-122.61283638265691,82.0,0.0,resting,False
373649,2019-07-01 09:31:15,48.49518875675363,-122.61283638265691,82.0,0.0,resting,False
375323,2019-07-01 09:32:15,48.49518875675363,-122.61283638265691,82.0,0.0,resting,False
377096,2019-07-01 09:33:15,48.49518875675363,-122.61283638265691,82.0,0.0,resting,False
378570,2019-07-01 09:34:15,48.49518875675363,-122.61283638265691,82.0,0.0,resting,False
379748,2019-07-01 09:35:15,48.49518875675363,-122.61283638265691,82.0,0.0,resting,False
381484,2019-07-01 09:36:15,48.49518875675363,-122.61283638265691,82.0,0.0,resting,False
383509,2019-07-01 09:37:15,48.49518875675363,-122.61283638265691,82.0,0.0,resting,False
385193,2019-07-01 09:38:15,48.49518875675363,-122.61283638265691,82.0,0.0,resting,False
386956,2019-07-01 09:39:15,48.49518875675363,-122.61283638265691,82.0,0.0,resting,False
388433,2019-07-01 09:40:15,48.49518875675363,-122.61283638265691,82.0,0.0,resting,False
390073,2019-07-01 09:41:15,48.49518875675363,-122.61283638265691,82.0,0.0,resting,False
391810,2019-07-01 09:42:15,48.49518875675363,-122.61283638265691,82.0,0.0,resting,False
392758,2019-07-01 09:43:15,48.49518875675363,-122.61283638265691,82.0,0.0,resting,False
394422,2019-07-01 09:44:15,48.49518875675363,-122.61283638265691,82.0,0.0,resting,False
396669,2019-07-01 09:45:15,48.49518875675363,-122.61283638265691,82.0,0.0,resting,False
398136,2019-07-01 09:46:15,48.49518875675363,-122.61283638265691,82.0,0.0,resting,False
399807,2019-07-01 09:47:15,48.49518875675363,-122.61283638265691,82.0,0.0,resting,False
401510,2019-07-01 09:48:15,48.49518875675363,-122.61283638265691,82.0,0.0,resting,False
402969,2019-07-01 09:49:15,48.49518875675363,-122.61283638265691,82.0,0.0,resting,False
404613,2019-07-01 09:50:15,48.49518875675363,-122.61283638265691,82.0,0.0,resting,False
406302,2019-07-01 09:51:15,48.49518875675363,-122.61283638265691,82.0,0.0,resting,False
407247,2019-07-01 09:52:15,48.49518875675363,-122.61283638265691,82.0,0.0,resting,False
409386,2019-07-01 09:53:15,48.49518875675363,-122.61283638265691,82.0,0.0,resting,False
411076,2019-07-01 09:54:15,48.49518875675363,-122.61283638265691,82.0,0.0,resting,False
412531,2019-07-01 09:55:15,48.49518875675363,-122.61283638265691,82.0,0.0,resting,False
414163,2019-07-01 09:56:15,48.49518875675363,-122.61283638265691,82.0,0.0,resting,False
415841,2019-07-01 09:57:15,48.49518875675363,-122.61283638265691,82.0,0.0,resting,False
417283,2019-07-01 09:58:15,48.49518875675363,-122.61283638265691,82.0,0.0,resting,False
418365,2019-07-01 09:59:15,48.49518875675363,-122.61283638265691,82.0,0.0,resting,False
420058,2019-07-01 10:00:15,48.49518875675363,-122.61283638265691,82.0,0.0,resting,False
421980,2019-07-01 10:01:15,48.49518875675363,-122.61283638265691,82.0,0.0,resting,False
423608,2019-07-01 10:02:15,48.49518875675363,-122.61283638265691,82.0,0.0,resting,False
425281,2019-07-01 10:03:15,48.49518875675363,-122.61283638265691,82.0,0.0,resting,False
426703,2019-07-01 10:04:15,48.49518875675363,-122.61283638265691,82.0,0.0,resting,False
428337,2019-07-01 10:05:15,48.49518875675363,-122.61283638265691,82.0,0.0,resting,False
429980,2019-07-01 10:06:15,48.49518875675363,-122.61283638265691,82.0,0.0,resting,False
430909,2019-07-01 10:07:15,48.49518875675363,-122.61283638265691,82.0,0.0,resting,False
432526,2019-07-01 10:08:15,48.49518875675363,-122.61283638265691,82.0,0.0,resting,False
434711,2019-07-01 10:09:15,48.49518875675363,-122.61283638265691,82.0,0.0,resting,False
436104,2019-07-01 10:10:15,48.49518875675363,-122.61283638265691,82.0,0.0,resting,False
437721,2019-07-01 10:11:15,48.49518875675363,-122.61283638265691,82.0,0.0,resting,False
439385,2019-07-01 10:12:15,48.49518875675363,-122.61283638265691,82.0,0.0,resting,False
440801,2019-07-01 10:13:15,48.49518875675363,-122.61283638265691,82.0,0.0,resting,False
442414,2019-07-01 10:14:15,48.49518875675363,-122.61283638265691,82.0,0.0,resting,False
444066,2019-07-01 10:15:15,48.49518875675363,-122.61283638265691,82.0,0.0,resting,False
444986,2019-07-01 10:16:15,48.49518875675363,-122.61283638265691,82.0,0.0,resting,False
447066,2019-07-01 10:17:15,48.49518875675363,-122.61283638265691,82.0,0.0,resting,False
448718,2019-07-01 10:18:15,48.49518875675363,-122.61283638265691,82.0,0.0,resting,False
450137,2019-07-01 10:19:15,48.49518875675363,-122.61283638265691,82.0,0.0,resting,False
451716,2019-07-01 10:20:15,48.49518875675363,-122.61283638265691,82.0,0.0,resting,False
453348,2019-07-01 10:21:15,48.49518875675363,-122.61283638265691,82.0,0.0,resting,False
454750,2019-07-01 10:22:15,48.49518875675363,-122.61283638265691,82.0,0.0,resting,False
455851,2019-07-01 10:23:15,48.49518875675363,-122.61283638265691,82.0,0.0,resting,False
457477,2019-07-01 10:24:15,48.49518875675363,-122.61283638265691,82.0,0.0,resting,False
459383,2019-07-01 10:25:15,48.49518875675363,-122.61283638265691,82.0,0.0,resting,False
460944,2019-07-01 10:26:15,48.49518875675363,-122.61283638265691,82.0,0.0,resting,False
462608,2019-07-01 10:27:15,48.49518875675363,-122.61283638265691,82.0,0.0,resting,False
463977,2019-07-01 10:28:15,48.49518875675363,-122.61283638265691,82.0,0.0,resting,False
465554,2019-07-01 10:29:15,48.49518875675363,-122.61283638265691,82.0,0.0,resting,False
467192,2019-07-01 10:30:15,48.49518875675363,-122.61283638265691,82.0,0.0,resting,False
468051,2019-07-01 10:31:15,48.49518875675363,-122.61283638265691,82.0,0.0,resting,False
469634,2019-07-01 10:32:15,48.49518875675363,-122.61283638265691,82.0,0.0,resting,False
471744,2019-07-01 10:33:15,48.49518875675363,-122.61283638265691,82.0,0.0,resting,False
473095,2019-07-01 10:34:15,48.49518875675363,-122.61283638265691,82.0,0.0,resting,False
474676,2019-07-01 10:35:15,48.49518875675363,-122.61283638265691,82.0,0.0,resting,False
476285,2019-07-01 10:36:15,48.49518875675363,-122.61283638265691,82.0,0.0,resting,False
477668,2019-07-01 10:37:15,48.49518875675363,-122.61283638265691,82.0,0.0,resting,False
479216,2019-07-01 10:38:15,48.49518875675363,-122.61283638265691,82.0,0.0,resting,False
480834,2019-07-01 10:39:15,48.49518875675363,-122.61283638265691,82.0,0.0,resting,False
481691,2019-07-01 10:40:15,48.49518875675363,-122.61283638265691,82.0,0.0,resting,False
483721,2019-07-01 10:41:15,48.49518875675363,-122.61283638265691,82.0,0.0,resting,False
485316,2019-07-01 10:42:15,48.49518875675363,-122.61283638265691,82.0,0.0,resting,False
486680,2019-07-01 10:43:15,48.49518875675363,-122.61283638265691,82.0,0.0,resting,False
488233,2019-07-01 10:44:15,48.49518875675363,-122.61283638265691,82.0,0.0,resting,False
489836,2019-07-01 10:45:15,48.49518875675363,-122.61283638265691,82.0,0.0,resting,False
491161,2019-07-01 10:46:15,48.49518875675363,-122.61283638265691,82.0,0.0,resting,False
492217,2019-07-01 10:47:15,48.49518875675363,-122.61283638265691,82.0,0.0,resting,False
493824,2019-07-01 10:48:15,48.49518875675363,-122.61283638265691,82.0,0.0,resting,False
495654,2019-07-01 10:49:15,48.49518875675363,-122.61283638265691,82.0,0.0,resting,False
497156,2019-07-01 10:50:15,48.49518875675363,-122.61283638265691,82.0,0.0,resting,False
498746,2019-07-01 10:51:15,48.49518875675363,-122.61283638265691,82.0,0.0,resting,False
500076,2019-07-01 10:52:15,48.49518875675363,-122.61283638265691,82.0,0.0,resting,False
501576,2019-07-01 10:53:15,48.49518875675363,-122.61283638265691,82.0,0.0,resting,False
503163,2019-07-01 10:54:15,48.49518875675363,-122.61283638265691,82.0,0.0,resting,False
504015,2019-07-01 10:55:15,48.49518875675363,-122.61283638265691,82.0,0.0,resting,False
505510,2019-07-01 10:56:15,48.49518875675363,-122.61283638265691,82.0,0.0,resting,False
507579,2019-07-01 10:57:15,48.49518875675363,-122.61283638265691,82.0,0.0,resting,False
508890,2019-07-01 10:58:15,48.49518875675363,-122.61283638265691,82.0,0.0,resting,False
510395,2019-07-01 10:59:15,48.49518875675363,-122.61283638265691,82.0,0.0,resting,False
511939,2019-07-01 11:00:15,48.49518875675363,-122.61283638265691,82.0,0.0,resting,False
513236,2019-07-01 11:01:15,48.49518875675363,-122.61283638265691,82.0,0.0,resting,False
514740,2019-07-01 11:02:15,48.49518875675363,-122.61283638265691,82.0,0.0,resting,False
516283,2019-07-01 11:03:15,48.49518875675363,-122.61283638265691,82.0,0.0,resting,False
517145,2019-07-01 11:04:15,48.49518875675363,-122.61283638265691,82.0,0.0,resting,False
519099,2019-07-01 11:05:15,48.49518875675363,-122.61283638265691,82.0,0.0,resting,False
520646,2019-07-01 11:06:15,48.49518875675363,-122.61283638265691,82.0,0.0,resting,False
521940,2019-07-01 11:07:15,48.49518875675363,-122.61283638265691,82.0,0.0,resting,False
523427,2019-07-01 11:08:15,48.49518875675363,-122.61283638265691,82.0,0.0,resting,False
524978,2019-07-01 11:09:15,48.49518875675363,-122.61283638265691,82.0,0.0,resting,False
526270,2019-07-01 11:10:15,48.49518875675363,-122.61283638265691,82.0,0.0,resting,False
527267,2019-07-01 11:11:15,48.49518875675363,-122.61283638265691,82.0,0.0,resting,False
528824,2019-07-01 11:12:15,48.49518875675363,-122.61283638265691,82.0,0.0,resting,False
530598,2019-07-01 11:13:15,48.49518875675363,-122.61283638265691,82.0,0.0,resting,False
532068,2019-07-01 11:14:15,48.49518875675363,-122.61283638265691,82.0,0.0,resting,False
533606,2019-07-01 11:15:15,48.49518875675363,-122.61283638265691,82.0,0.0,resting,False
534905,2019-07-01 11:16:15,48.49518875675363,-122.61283638265691,82.0,0.0,resting,False
536341,2019-07-01 11:17:15,48.49518875675363,-122.61283638265691,82.0,0.0,resting,False
537873,2019-07-01 11:18:15,48.49518875675363,-122.61283638265691,82.0,0.0,resting,False
538696,2019-07-01 11:19:15,48.49518875675363,-122.61283638265691,82.0,0.0,resting,False
540150,2019-07-01 11:20:15,48.49518875675363,-122.61283638265691,82.0,0.0,resting,False
542037,2019-07-01 11:21:15,48.49518875675363,-122.61283638265691,82.0,0.0,resting,False
543411,2019-07-01 11:22:15,48.49518875675363,-122.61283638265691,82.0,0.0,resting,False
544879,2019-07-01 11:23:15,48.49518875675363,-122.61283638265691,82.0,0.0,resting,False
546265,2019-07-01 11:24:15,48.49518875675363,-122.61283638265691,82.0,0.0,resting,False
547646,2019-07-01 11:25:15,48.49518875675363,-122.61283638265691,82.0,0.0,resting,False
549058,2019-07-01 11:26:15,48.49518875675363,-122.61283638265691,82.0,0.0,resting,False
549975,2019-07-01 11:27:15,48.49518875675363,-122.61283638265691,82.0,0.0,resting,False
551392,2019-07-01 11:28:15,48.49518875675363,-122.61283638265691,82.0,0.0,resting,False
553271,2019-07-01 11:29:15,48.49518875675363,-122.61283638265691,82.0,0.0,resting,False
554210,2019-07-01 11:30:15,48.49518875675363,-122.61283638265691,82.0,0.0,resting,False
555643,2019-07-01 11:31:15,48.49518875675363,-122.61283638265691,82.0,0.0,resting,False
557512,2019-07-01 11:32:15,48.49518875675363,-122.61283638265691,82.0,0.0,resting,False
558837,2019-07-01 11:33:15,48.49518875675363,-122.61283638265691,82.0,0.0,resting,False
560266,2019-07-01 11:34:15,48.49518875675363,-122.61283638265691,82.0,0.0,resting,False
561654,2019-07-01 11:35:15,48.49518875675363,-122.61283638265691,82.0,0.0,resting,False
563005,2019-07-01 11:36:15,48.49518875675363,-122.61283638265691,82.0,0.0,resting,False
564417,2019-07-01 11:37:15,48.49518875675363,-122.61283638265691,82.0,0.0,resting,False
565333,2019-07-01 11:38:15,48.49518875675363,-122.61283638265691,82.0,0.0,resting,False
566747,2019-07-01 11:39:15,48.49518875675363,-122.61283638265691,82.0,0.0,resting,False
568569,2019-07-01 11:40:15,48.49518875675363,-122.61283638265691,82.0,0.0,resting,False
569485,2019-07-01 11:41:15,48.49518875675363,-122.61283638265691,82.0,0.0,resting,False
570893,2019-07-01 11:42:15,48.49518875675363,-122.61283638265691,82.0,0.0,resting,False
572697,2019-07-01 11:43:15,48.49518875675363,-122.61283638265691,82.0,0.0,resting,False
574056,2019-07-01 11:44:15,48.49518875675363,-122.61283638265691,82.0,0.0,resting,False
575435,2019-07-01 11:45:15,48.49518875675363,-122.61283638265691,82.0,0.0,resting,False
576805,2019-07-01 11:46:15,48.49518875675363,-122.61283638265691,82.0,0.0,resting,False
578122,2019-07-01 11:47:15,48.49518875675363,-122.61283638265691,82.0,0.0,resting,False
579471,2019-07-01 11:48:15,48.49518875675363,-122.61283638265691,82.0,0.0,resting,False
580382,2019-07-01 11:49:15,48.49518875675363,-122.61283638265691,82.0,0.0,resting,False
581746,2019-07-01 11:50:15,48.49518875675363,-122.61283638265691,82.0,0.0,resting,False
583509,2019-07-01 11:51:15,48.49518875675363,-122.61283638265691,82.0,0.0,resting,False
584423,2019-07-01 11:52:15,48.49518875675363,-122.61283638265691,82.0,0.0,resting,False
585802,2019-07-01 11:53:15,48.49518875675363,-122.61283638265691,82.0,0.0,resting,False
587563,2019-07-01 11:54:15,48.49518875675363,-122.61283638265691,82.0,0.0,resting,False
588884,2019-07-01 11:55:15,48.49518875675363,-122.61283638265691,82.0,0.0,resting,False
590240,2019-07-01 11:56:15,48.49518875675363,-122.61283638265691,82.0,0.0,resting,False
591548,2019-07-01 11:57:15,48.49518875675363,-122.61283638265691,82.0,0.0,resting,False
592819,2019-07-01 11:58:15,48.49518875675363,-122.61283638265691,82.0,0.0,resting,False
594163,2019-07-01 11:59:15,48.49518875675363,-122.61283638265691,82.0,0.0,resting,False
595039,2019-07-01 12:00:15,48.49518875675363,-122.61283638265691,82.0,0.0,resting,False
596372,2019-07-01 12:01:15,48.49518875675363,-122.61283638265691,82.0,0.0,resting,False
598088,2019-07-01 12:02:15,48.49518875675363,-122.61283638265691,82.0,0.0,resting,False
598969,2019-07-01 12:03:15,48.49518875675363,-122.61283638265691,82.0,0.0,resting,False
600279,2019-07-01 12:04:15,48.49518875675363,-122.61283638265691,82.0,0.0,resting,False
601976,2019-07-01 12:05:15,48.49518875675363,-122.61283638265691,82.0,0.0,resting,False
603242,2019-07-01 12:06:15,48.49518875675363,-122.61283638265691,82.0,0.0,resting,False
604563,2019-07-01 12:07:15,48.49518875675363,-122.61283638265691,82.0,0.0,resting,False
605825,2019-07-01 12:08:15,48.49518875675363,-122.61283638265691,82.0,0.0,resting,False
607095,2019-07-01 12:09:15,48.49518875675363,-122.61283638265691,82.0,0.0,resting,False
608364,2019-07-01 12:10:15,48.49518875675363,-122.61283638265691,82.0,0.0,resting,False
609220,2019-07-01 12:11:15,48.49518875675363,-122.61283638265691,82.0,0.0,resting,False
610508,2019-07-01 12:12:15,48.49518875675363,-122.61283638265691,82.0,0.0,resting,False
612193,2019-07-01 12:13:15,48.49518875675363,-122.61283638265691,82.0,0.0,resting,False
613030,2019-07-01 12:14:15,48.49518875675363,-122.61283638265691,82.0,0.0,resting,False
614336,2019-07-01 12:15:15,48.49518875675363,-122.61283638265691,82.0,0.0,resting,False
616004,2019-07-01 12:16:15,48.49518875675363,-122.61283638265691,82.0,0.0,resting,False
617228,2019-07-01 12:17:15,48.49518875675363,-122.61283638265691,82.0,0.0,resting,False
618512,2019-07-01 12:18:15,48.49518875675363,-122.61283638265691,82.0,0.0,resting,False
619797,2019-07-01 12:19:15,48.49518875675363,-122.61283638265691,82.0,0.0,resting,False
620993,2019-07-01 12:20:15,48.49518875675363,-122.61283638265691,82.0,0.0,resting,False
622265,2019-07-01 12:21:15,48.49518875675363,-122.61283638265691,82.0,0.0,resting,False
623109,2019-07-01 12:22:15,48.49518875675363,-122.61283638265691,82.0,0.0,resting,False
624327,2019-07-01 12:23:15,48.49518875675363,-122.61283638265691,82.0,0.0,resting,False
625974,2019-07-01 12:24:15,48.49518875675363,-122.61283638265691,82.0,0.0,resting,False
626828,2019-07-01 12:25:15,48.49518875675363,-122.61283638265691,82.0,0.0,resting,False
628074,2019-07-01 12:26:15,48.49518875675363,-122.61283638265691,82.0,0.0,resting,False
629703,2019-07-01 12:27:15,48.49518875675363,-122.61283638265691,82.0,0.0,resting,False
630895,2019-07-01 12:28:15,48.49518875675363,-122.61283638265691,82.0,0.0,resting,False
632126,2019-07-01 12:29:15,48.49518875675363,-122.61283638265691,82.0,0.0,resting,False
633327,2019-07-01 12:30:15,48.49518875675363,-122.61283638265691,82.0,0.0,resting,False
634499,2019-07-01 12:31:15,48.49518875675363,-122.61283638265691,82.0,0.0,resting,False
635701,2019-07-01 12:32:15,48.49518875675363,-122.61283638265691,82.0,0.0,resting,False
636528,2019-07-01 12:33:15,48.49518875675363,-122.61283638265691,82.0,0.0,resting,False
637722,2019-07-01 12:34:15,48.49518875675363,-122.61283638265691,82.0,0.0,resting,False
639305,2019-07-01 12:35:15,48.49518875675363,-122.61283638265691,82.0,0.0,resting,False
640105,2019-07-01 12:36:15,48.49518875675363,-122.61283638265691,82.0,0.0,resting,False
641322,2019-07-01 12:37:15,48.49518875675363,-122.61283638265691,82.0,0.0,resting,False
642883,2019-07-01 12:38:15,48.49518875675363,-122.61283638265691,82.0,0.0,resting,False
644023,2019-07-01 12:39:15,48.49518875675363,-122.61283638265691,82.0,0.0,resting,False
645226,2019-07-01 12:40:15,48.49518875675363,-122.61283638265691,82.0,0.0,resting,False
646427,2019-07-01 12:41:15,48.49518875675363,-122.61283638265691,82.0,0.0,resting,False
647574,2019-07-01 12:42:15,48.49518875675363,-122.61283638265691,82.0,0.0,resting,False
648737,2019-07-01 12:43:15,48.49518875675363,-122.61283638265691,82.0,0.0,resting,False
649544,2019-07-01 12:44:15,48.49518875675363,-122.61283638265691,82.0,0.0,resting,False
650716,2019-07-01 12:45:15,48.49518875675363,-122.61283638265691,82.0,0.0,resting,False
652287,2019-07-01 12:46:15,48.49518875675363,-122.61283638265691,82.0,0.0,resting,False
653072,2019-07-01 12:47:15,48.49518875675363,-122.61283638265691,82.0,0.0,resting,False
654252,2019-07-01 12:48:15,48.49518875675363,-122.61283638265691,82.0,0.0,resting,False
655809,2019-07-01 12:49:15,48.49518875675363,-122.61283638265691,82.0,0.0,resting,False
656944,2019-07-01 12:50:15,48.49518875675363,-122.61283638265691,82.0,0.0,resting,False
658128,2019-07-01 12:51:15,48.49518875675363,-122.61283638265691,82.0,0.0,resting,False
659284,2019-07-01 12:52:15,48.49518875675363,-122.61283638265691,82.0,0.0,resting,False
660407,2019-07-01 12:53:15,48.49518875675363,-122.61283638265691,82.0,0.0,resting,False
661588,2019-07-01 12:54:15,48.49518875675363,-122.61283638265691,82.0,0.0,resting,False
662364,2019-07-01 12:55:15,48.49518875675363,-122.61283638265691,82.0,0.0,resting,False
663501,2019-07-01 12:56:15,48.49518875675363,-122.61283638265691,82.0,0.0,resting,False
665042,2019-07-01 12:57:15,48.49518875675363,-122.61283638265691,82.0,0.0,resting,False
665826,2019-07-01 12:58:15,48.49518875675363,-122.61283638265691,82.0,0.0,resting,False
666985,2019-07-01 12:59:15,48.49518875675363,-122.61283638265691,82.0,0.0,resting,False
668494,2019-07-01 13:00:15,48.49518875675363,-122.61283638265691,82.0,0.0,resting,False
669610,2019-07-01 13:01:15,48.49518875675363,-122.61283638265691,82.0,0.0,resting,False
670778,2019-07-01 13:02:15,48.49518875675363,-122.61283638265691,82.0,0.0,resting,False
671921,2019-07-01 13:03:15,48.49518875675363,-122.61283638265691,82.0,0.0,resting,False
673005,2019-07-01 13:04:15,48.49518875675363,-122.61283638265691,82.0,0.0,resting,False
674160,2019-07-01 13:05:15,48.49518875675363,-122.61283638265691,82.0,0.0,driving,False
674922,2019-07-01 13:06:15,48.49046263662878,-122.60134427671463,81.628,0.0,driving,False
676054,2019-07-01 13:07:15,48.47879743826099,-122.59291475522636,81.171,0.0,driving,False
677539,2019-07-01 13:08:15,48.46674185976434,-122.58628770051457,80.714,0.0,driving,False
678301,2019-07-01 13:09:15,48.45535506235475,-122.5820480658439,80.257,0.0,driving,False
679450,2019-07-01 13:10:15,48.44853532180978,-122.59525204769703,79.86,0.0,driving,False
680936,2019-07-01 13:11:15,48.43906552348772,-122.6032452317792,79.403,0.0,driving,False
682015,2019-07-01 13:12:15,48.42898361275722,-122.6080604962987,79.005,0.0,driving,False
683171,2019-07-01 13:13:15,48.420069086102,-122.62098431425778,78.548,0.0,driving,False
684292,2019-07-01 13:14:15,48.417197120416056,-122.63725618262019,78.151,0.0,driving,False
685371,2019-07-01 13:15:15,48.41013048606096,-122.64748790208914,77.694,0.0,driving,False
686505,2019-07-01 13:16:15,48.399769491863324,-122.64474650555957,77.296,0.0,driving,False
687243,2019-07-01 13:17:15,48.387123818276024,-122.64874558489605,76.839,0.0,driving,False
688353,2019-07-01 13:18:15,48.37611789997307,-122.65157590023223,76.442,0.0,driving,False
689837,2019-07-01 13:19:15,48.367315425041916,-122.65162085453653,76.103,0.0,driving,False
690587,2019-07-01 13:20:15,48.35962768785579,-122.63998369658322,75.706,0.0,driving,False
691714,2019-07-01 13:21:15,48.35817463502371,-122.62597550040256,75.367,0.0,driving,False
693163,2019-07-01 13:22:15,48.354137492555104,-122.61236933668627,74.97,0.0,driving,False
694230,2019-07-01 13:23:15,48.34540991593648,-122.61588297914585,74.631,0.0,driving,False
695354,2019-07-01 13:24:15,48.33815322510732,-122.62808875722531,74.234,0.0,driving,False
696467,2019-07-01 13:25:15,48.32884915506088,-122.62948259672703,73.895,0.0,driving,False
697529,2019-07-01 13:26:15,48.31773875597367,-122.63068783744772,73.497,0.0,driving,False
698621,2019-07-01 13:27:15,48.31003876124887,-122.63938304110809,73.159,0.0,driving,False
699354,2019-07-01 13:28:15,48.301089336139746,-122.64981482815332,72.761,0.0,driving,False
700436,2019-07-01 13:29:15,48.29300742544271,-122.65758967590409,72.423,0.0,driving,False
701878,2019-07-01 13:30:15,48.284769708818416,-122.66383884669601,72.051,0.0,driving,False
702605,2019-07-01 13:31:15,48.27783060829472,-122.66948293062518,71.712,0.0,driving,False
703699,2019-07-01 13:32:15,48.267508864151765,-122.67259583669816,71.34,0.0,driving,False
705121,2019-07-01 13:33:15,48.2632090109242,-122.68525016848085,71.002,0.0,driving,False
706184,2019-07-01 13:34:15,48.25910088352041,-122.69956096946716,70.629,0.0,driving,False
707267,2019-07-01 13:35:15,48.25243402822555,-122.70976747451739,70.291,0.0,driving,False
708343,2019-07-01 13:36:15,48.24283165853036,-122.71406474557216,69.919,0.0,driving,False
709384,2019-07-01 13:37:15,48.23570764103154,-122.72259647498456,69.58,0.0,driving,False
710460,2019-07-01 13:38:15,48.23272781032613,-122.73657966148912,69.208,0.0,driving,False
711202,2019-07-01 13:39:15,48.224438134333546,-122.73722320863406,68.87,0.0,driving,False
712249,2019-07-01 13:40:15,48.21505464462527,-122.7298052974739,68.497,0.0,driving,False
713693,2019-07-01 13:41:15,48.20956430569828,-122.71967770827067,68.176,0.0,driving,False
714412,2019-07-01 13:42:15,48.21229537552882,-122.70462883354054,67.804,0.0,driving,False
715500,2019-07-01 13:43:15,48.21230604707466,-122.69091444770959,67.482,0.0,driving,False
716891,2019-07-01 13:44:15,48.21136249604468,-122.67520123745778,67.11,0.0,driving,False
717918,2019-07-01 13:45:15,48.208631290201815,-122.66235737569909,66.788,0.0,driving,False
719004,2019-07-01 13:46:15,48.207633081332446,-122.64664151168817,66.416,0.0,driving,False
720063,2019-07-01 13:47:15,48.205841683805026,-122.6345690009094,66.095,0.0,driving,False
721074,2019-07-01 13:48:15,48.19781386494583,-122.62880166099244,65.723,0.0,driving,False
722122,2019-07-01 13:49:15,48.18922506598132,-122.62658255036484,65.401,0.0,driving,False
722820,2019-07-01 13:50:15,48.18043010597397,-122.62089410129296,65.029,0.0,driving,False
723875,2019-07-01 13:51:15,48.173318388516996,-122.61252079098152,64.707,0.0,driving,False
725244,2019-07-01 13:52:15,48.17094246066538,-122.62033216439156,64.335,0.0,driving,False
725946,2019-07-01 13:53:15,48.17093444915648,-122.6340358868735,64.014,0.0,driving,False
727018,2019-07-01 13:54:15,48.164814610833574,-122.6417600678771,63.641,0.0,driving,False
728366,2019-07-01 13:55:15,48.16378859889993,-122.65534764664372,63.32,0.0,driving,False
729362,2019-07-01 13:56:15,48.162427694118,-122.66208881731949,63.154,0.0,driving,False
730419,2019-07-01 13:57:15,48.1124870273603,-122.76104221668348,62.833,0.0,driving,False
731421,2019-07-01 13:58:15,48.10996018096025,-122.77048848290691,62.587,0.0,driving,False
732417,2019-07-01 13:59:15,48.1085562541519,-122.77719340941024,62.422,0.0,driving,False
733419,2019-07-01 14:00:15,48.10484759678223,-122.78549168525308,62.177,0.0,driving,False
734130,2019-07-01 14:01:15,48.10337438543655,-122.79493683640936,61.923,0.0,driving,False
735119,2019-07-01 14:02:15,48.10247728228233,-122.80510646577336,61.677,0.0,driving,False
736467,2019-07-01 14:03:15,48.09941586751134,-122.81420601712979,61.424,0.0,driving,False
737142,2019-07-01 14:04:15,48.09037667323209,-122.81609905128103,61.102,0.0,driving,False
738178,2019-07-01 14:05:15,48.08317638765607,-122.81718226857237,60.848,0.0,driving,False
739522,2019-07-01 14:06:15,48.07405477432541,-122.8185354992054,60.527,0.0,driving,False
740480,2019-07-01 14:07:15,48.06298581228758,-122.8201722461398,60.121,0.0,driving,False
741528,2019-07-01 14:08:15,48.05220156664318,-122.81950396863239,59.74,0.0,driving,False
742529,2019-07-01 14:09:15,48.04067949577065,-122.820604998327,59.334,0.0,driving,False
743502,2019-07-01 14:10:15,48.03059733464889,-122.82642212871474,58.953,0.0,driving,False
744492,2019-07-01 14:11:15,48.019386464329806,-122.83051950310823,58.547,0.0,driving,False
745163,2019-07-01 14:12:15,48.00828174222646,-122.832420245176,58.133,0.0,driving,False
746174,2019-07-01 14:13:15,47.99938795183571,-122.84240013571868,57.727,0.0,driving,False
747510,2019-07-01 14:14:15,47.991618494158494,-122.8551604183367,57.312,0.0,driving,False
748152,2019-07-01 14:15:15,47.9911882214359,-122.87106513432954,56.906,0.0,driving,False
749166,2019-07-01 14:16:15,47.987640979059535,-122.88669425479566,56.466,0.0,driving,False
750498,2019-07-01 14:17:15,47.9768256650837,-122.88339402479886,56.06,0.0,driving,False
751436,2019-07-01 14:18:15,47.96442975578356,-122.88089363402081,55.62,0.0,driving,False
752430,2019-07-01 14:19:15,47.950893020630694,-122.88453122956403,55.129,0.0,driving,False
753406,2019-07-01 14:20:15,47.94075834906547,-122.88459066960543,54.757,0.0,driving,False
754367,2019-07-01 14:21:15,47.92680589273798,-122.8860229838257,54.266,0.0,driving,False
755361,2019-07-01 14:22:15,47.91632070274204,-122.88640698432015,53.894,0.0,driving,False
756005,2019-07-01 14:23:15,47.90454640952183,-122.8756786167618,53.403,0.0,driving,False
756982,2019-07-01 14:24:15,47.894791356049396,-122.86961037688229,53.031,0.0,driving,False
758255,2019-07-01 14:25:15,47.88239666544228,-122.87699599145083,52.54,0.0,driving,False
758920,2019-07-01 14:26:15,47.87179819746687,-122.87735539876654,52.168,0.0,driving,False
759891,2019-07-01 14:27:15,47.858747708884884,-122.88419015919472,51.677,0.0,driving,False
761167,2019-07-01 14:28:15,47.84872047017331,-122.8891734238137,51.305,0.0,driving,False
762101,2019-07-01 14:29:15,47.83479296539367,-122.88719906144006,50.815,0.0,driving,False
763094,2019-07-01 14:30:15,47.82648803881645,-122.87756749533864,50.442,0.0,driving,False
764044,2019-07-01 14:31:15,47.82011883422977,-122.88909201519974,49.952,0.0,driving,False
764964,2019-07-01 14:32:15,47.816672116134725,-122.9037906551005,49.579,0.0,driving,False
765925,2019-07-01 14:33:15,47.8057358113005,-122.9167137888153,49.089,0.0,driving,False
766560,2019-07-01 14:34:15,47.79590300472904,-122.92225028177221,48.716,0.0,driving,False
767495,2019-07-01 14:35:15,47.78305950444655,-122.92688085250948,48.226,0.0,driving,False
768753,2019-07-01 14:36:15,47.77433903589342,-122.91940459853394,47.853,0.0,driving,False
769377,2019-07-01 14:37:15,47.770076180062965,-122.90084540415691,47.363,0.0,driving,False
770336,2019-07-01 14:38:15,47.76024813516549,-122.89598790222276,46.99,0.0,driving,False
771560,2019-07-01 14:39:15,47.750125328690324,-122.88739502311466,46.567,0.0,driving,False
772488,2019-07-01 14:40:15,47.74231505602186,-122.87786614327338,46.195,0.0,driving,False
773417,2019-07-01 14:41:15,47.73109680191201,-122.8842647804559,45.772,0.0,driving,False
774344,2019-07-01 14:42:15,47.7205761106472,-122.88592315991897,45.4,0.0,driving,False
775228,2019-07-01 14:43:15,47.70983638104237,-122.89151963470124,44.994,0.0,driving,False
776152,2019-07-01 14:44:15,47.70027870997226,-122.89585695751525,44.622,0.0,driving,False
776782,2019-07-01 14:45:15,47.69013327386698,-122.89906481543466,44.258,0.0,driving,False
777685,2019-07-01 14:46:15,47.67962044510267,-122.8992126721095,43.886,0.057,driving,False
778883,2019-07-01 14:47:15,47.67144326153259,-122.90766671410769,43.522,0.057,driving,False
779508,2019-07-01 14:48:15,47.66394070361602,-122.91741598840457,43.15,0.057,driving,False
780438,2019-07-01 14:49:15,47.65579278043232,-122.92532070942535,42.786,0.057,driving,False
781626,2019-07-01 14:50:15,47.648215763427274,-122.93550884025129,42.413,0.057,driving,False
782499,2019-07-01 14:51:15,47.63870231507714,-122.9408211951752,42.05,0.057,driving,False
783413,2019-07-01 14:52:15,47.629658220791526,-122.94820679085467,41.677,0.057,driving,False
784327,2019-07-01 14:53:15,47.62628483262726,-122.95784630982546,41.314,0.057,driving,False
785207,2019-07-01 14:54:15,47.61970818869398,-122.96746647015233,40.941,0.057,driving,False
786096,2019-07-01 14:55:15,47.61586505052665,-122.98136706411611,40.578,0.057,driving,False
786707,2019-07-01 14:56:15,47.60663396720068,-122.98857468803229,40.205,0.057,driving,False
787580,2019-07-01 14:57:15,47.598859303330734,-122.99138130050832,39.918,0.057,driving,False
788758,2019-07-01 14:58:15,47.58965122064365,-122.99892998502249,39.545,0.057,driving,False
789354,2019-07-01 14:59:15,47.581817404813364,-123.00604395211134,39.216,0.057,driving,False
790250,2019-07-01 15:00:15,47.572256806516926,-123.01249901648362,38.843,0.057,driving,False
791416,2019-07-01 15:01:15,47.56381040297058,-123.01806012605383,38.513,0.057,driving,False
792273,2019-07-01 15:02:15,47.55592865294968,-123.02823418523303,38.141,0.057,driving,False
793147,2019-07-01 15:03:15,47.55147533454783,-123.03980923670645,37.811,0.057,driving,False
794019,2019-07-01 15:04:15,47.54323210207676,-123.04152236265247,37.439,0.057,driving,False
794857,2019-07-01 15:05:15,47.534263481876565,-123.04356684945047,37.109,0.057,driving,False
795723,2019-07-01 15:06:15,47.52550123270218,-123.05073095763471,36.737,0.057,driving,False
796302,2019-07-01 15:07:15,47.51641670117396,-123.05412973195261,36.407,0.057,driving,False
797161,2019-07-01 15:08:15,47.50653402124722,-123.05936406009181,36.034,0.057,driving,False
798325,2019-07-01 15:09:15,47.49857401136123,-123.06445765776152,35.705,0.057,driving,False
798902,2019-07-01 15:10:15,47.49006517091689,-123.0738146758553,35.332,0.057,driving,False
799766,2019-07-01 15:11:15,47.482315240812945,-123.08125604994119,35.002,0.057,driving,False
800902,2019-07-01 15:12:15,47.473966894681794,-123.08974370683599,34.63,0.057,driving,False
801734,2019-07-01 15:13:15,47.46656208938966,-123.09827806192528,34.3,0.057,driving,False
802587,2019-07-01 15:14:15,47.462961754192825,-123.1103140031845,33.928,0.057,driving,False
803425,2019-07-01 15:15:15,47.4581541894932,-123.1120342582403,33.598,0.057,driving,False
804258,2019-07-01 15:16:15,47.448433242902276,-123.11387725105138,33.226,0.057,driving,False
805094,2019-07-01 15:17:15,47.4404467431066,-123.11962826461149,32.896,0.057,driving,False
805663,2019-07-01 15:18:15,47.43140667676587,-123.12491991958993,32.523,0.057,driving,False
806487,2019-07-01 15:19:15,47.422804817510375,-123.13008371915795,32.194,0.057,driving,False
807591,2019-07-01 15:20:15,47.41285293557073,-123.13468424076193,31.821,0.057,driving,False
808152,2019-07-01 15:21:15,47.40492073245232,-123.14132764295195,31.491,0.057,driving,False
808976,2019-07-01 15:22:15,47.39604111787812,-123.14380781032918,31.17,0.057,driving,False
810073,2019-07-01 15:23:15,47.387078973849555,-123.1465887528317,30.84,0.057,driving,False
810874,2019-07-01 15:24:15,47.37855102866613,-123.15146170376947,30.518,0.057,driving,False
811716,2019-07-01 15:25:15,47.37089773481586,-123.15914703905109,30.188,0.057,driving,False
812552,2019-07-01 15:26:15,47.361866554669106,-123.15781419816511,29.867,0.057,driving,False
813345,2019-07-01 15:27:15,47.35224668262563,-123.16080008822168,29.52,0.057,driving,False
814164,2019-07-01 15:28:15,47.343102094146964,-123.16118753519036,29.199,0.057,driving,False
814721,2019-07-01 15:29:15,47.33329817620125,-123.16165418823681,28.852,0.057,driving,False
815537,2019-07-01 15:30:15,47.32266333460708,-123.16729682431367,28.454,0.057,driving,False
816624,2019-07-01 15:31:15,47.3141626110112,-123.17463408954453,28.107,0.057,driving,False
817170,2019-07-01 15:32:15,47.30343055163888,-123.18001550997042,27.71,0.057,driving,False
818003,2019-07-01 15:33:15,47.293872831639135,-123.17961996536144,27.363,0.057,driving,False
819084,2019-07-01 15:34:15,47.28578794782094,-123.16852329315954,26.965,0.057,driving,False
819863,2019-07-01 15:35:15,47.279194610800225,-123.156224048347,26.584,0.057,driving,False
820686,2019-07-01 15:36:15,47.26823590424577,-123.15194981120032,26.187,0.057,driving,False
821482,2019-07-01 15:37:15,47.25773138612607,-123.1479197764875,25.806,0.057,driving,False
822261,2019-07-01 15:38:15,47.247060130419754,-123.14251370521283,25.408,0.057,driving,False
823063,2019-07-01 15:39:15,47.23741183907118,-123.13327835021272,25.002,0.057,driving,False
823598,2019-07-01 15:40:15,47.22749152048457,-123.1276768443463,24.622,0.057,driving,False
824398,2019-07-01 15:41:15,47.216064522028795,-123.1294291597807,24.216,0.057,driving,False
825453,2019-07-01 15:42:15,47.20599947216508,-123.12772061281869,23.86,0.057,driving,False
825981,2019-07-01 15:43:15,47.195480375471334,-123.12208087721493,23.454,0.057,driving,False
826797,2019-07-01 15:44:15,47.18848853454224,-123.11132970720845,23.099,0.057,driving,False
827836,2019-07-01 15:45:15,47.18076934085891,-123.09913158729819,22.693,0.057,driving,False
828620,2019-07-01 15:46:15,47.17090717531589,-123.09633342500803,22.337,0.057,driving,False
829401,2019-07-01 15:47:15,47.15788523439324,-123.09573554502444,21.881,0.057,driving,False
830192,2019-07-01 15:48:15,47.14462139300559,-123.09516214161863,21.415,0.057,driving,False
830962,2019-07-01 15:49:15,47.1321838537341,-123.09835230937846,20.958,0.057,driving,False
831744,2019-07-01 15:50:15,47.11915186959171,-123.10176339062858,20.493,0.057,driving,False
832255,2019-07-01 15:51:15,47.10768620603821,-123.09778728482691,20.053,0.057,driving,False
833032,2019-07-01 15:52:15,47.09972135321611,-123.08689937432379,19.647,0.057,driving,False
834079,2019-07-01 15:53:15,47.090537809027744,-123.07721880731502,19.207,0.057,driving,False
834601,2019-07-01 15:54:15,47.091365434901114,-123.0603845529288,18.801,0.057,driving,False
835376,2019-07-01 15:55:15,47.08528134819476,-123.04458480454817,18.361,0.057,driving,False
836396,2019-07-01 15:56:15,47.084189713994675,-123.02797143419407,17.955,0.057,driving,False
837176,2019-07-01 15:57:15,47.07368616502547,-123.01868001038451,17.515,0.057,driving,False
837959,2019-07-01 15:58:15,47.062599174215094,-123.01588397501864,17.109,0.057,driving,False
838709,2019-07-01 15:59:15,47.054226944779344,-123.0048105631091,16.669,0.057,driving,False
839461,2019-07-01 16:00:15,47.04499100678736,-122.99092075889537,16.204,0.057,driving,False
840221,2019-07-01 16:01:15,47.04258512215641,-122.9710890227275,15.696,0.057,driving,False
840746,2019-07-01 16:02:15,47.03780483515893,-122.95309121585316,15.231,0.71,drive_to_charger,True
841495,2019-07-01 16:03:15,47.035400009039144,-122.94698554451548,14.723,0.71,queue_for_charging,True
842498,2019-07-01 16:04:15,47.035400009039144,-122.94698554451548,14.723,0.71,charging,True
843014,2019-07-01 16:05:15,47.035400009039144,-122.94698554451548,16.081,0.71,charging,True
843787,2019-07-01 16:06:15,47.035400009039144,-122.94698554451548,17.439,0.71,charging,True
844763,2019-07-01 16:07:15,47.035400009039144,-122.94698554451548,18.796,0.71,charging,True
845500,2019-07-01 16:08:15,47.035400009039144,-122.94698554451548,20.154,0.71,charging,True
846257,2019-07-01 16:09:15,47.035400009039144,-122.94698554451548,21.512,0.71,charging,True
847004,2019-07-01 16:10:15,47.035400009039144,-122.94698554451548,22.87,0.71,charging,True
847716,2019-07-01 16:11:15,47.035400009039144,-122.94698554451548,24.228,0.71,charging,True
848465,2019-07-01 16:12:15,47.035400009039144,-122.94698554451548,25.585,0.71,charging,True
848961,2019-07-01 16:13:15,47.035400009039144,-122.94698554451548,26.943,0.71,charging,True
849705,2019-07-01 16:14:15,47.035400009039144,-122.94698554451548,28.301,0.71,charging,True
850670,2019-07-01 16:15:15,47.035400009039144,-122.94698554451548,29.659,0.71,charging,True
851161,2019-07-01 16:16:15,47.035400009039144,-122.94698554451548,31.016,0.71,charging,True
851909,2019-07-01 16:17:15,47.035400009039144,-122.94698554451548,32.374,0.71,charging,True
852852,2019-07-01 16:18:15,47.035400009039144,-122.94698554451548,33.732,0.71,charging,True
853565,2019-07-01 16:19:15,47.035400009039144,-122.94698554451548,35.09,0.71,charging,True
854283,2019-07-01 16:20:15,47.035400009039144,-122.94698554451548,36.447,0.71,charging,True
855009,2019-07-01 16:21:15,47.035400009039144,-122.94698554451548,37.805,0.71,charging,True
855700,2019-07-01 16:22:15,47.035400009039144,-122.94698554451548,39.163,0.71,charging,True
856403,2019-07-01 16:23:15,47.035400009039144,-122.94698554451548,40.521,0.71,charging,True
856885,2019-07-01 16:24:15,47.035400009039144,-122.94698554451548,41.879,0.71,charging,True
857570,2019-07-01 16:25:15,47.035400009039144,-122.94698554451548,43.236,0.71,charging,True
858511,2019-07-01 16:26:15,47.035400009039144,-122.94698554451548,44.594,0.71,charging,True
858978,2019-07-01 16:27:15,47.035400009039144,-122.94698554451548,45.952,0.71,charging,True
859680,2019-07-01 16:28:15,47.035400009039144,-122.94698554451548,47.31,0.71,charging,True
860597,2019-07-01 16:29:15,47.035400009039144,-122.94698554451548,48.667,0.71,charging,True
861286,2019-07-01 16:30:15,47.035400009039144,-122.94698554451548,50.025,0.71,charging,True
861973,2019-07-01 16:31:15,47.035400009039144,-122.94698554451548,51.383,0.71,charging,True
862658,2019-07-01 16:32:15,47.035400009039144,-122.94698554451548,52.741,0.71,charging,True
863318,2019-07-01 16:33:15,47.035400009039144,-122.94698554451548,54.099,0.71,charging,True
864016,2019-07-01 16:34:15,47.035400009039144,-122.94698554451548,55.456,0.71,charging,True
864476,2019-07-01 16:35:15,47.035400009039144,-122.94698554451548,56.814,0.71,charging,True
865137,2019-07-01 16:36:15,47.035400009039144,-122.94698554451548,58.172,0.71,charging,True
866044,2019-07-01 16:37:15,47.035400009039144,-122.94698554451548,59.53,0.71,charging,True
866506,2019-07-01 16:38:15,47.035400009039144,-122.94698554451548,60.887,0.71,charging,True
867171,2019-07-01 16:39:15,47.035400009039144,-122.94698554451548,62.245,0.71,charging,True
868058,2019-07-01 16:40:15,47.035400009039144,-122.94698554451548,63.603,0.71,charging,True
868707,2019-07-01 16:41:15,47.035400009039144,-122.94698554451548,64.961,0.71,charging,True
869394,2019-07-01 16:42:15,47.035400009039144,-122.94698554451548,66.318,0.71,charging,True
870058,2019-07-01 16:43:15,47.035400009039144,-122.94698554451548,67.676,0.71,charging,True
870687,2019-07-01 16:44:15,47.035400009039144,-122.94698554451548,69.034,0.71,charging,True
871352,2019-07-01 16:45:15,47.035400009039144,-122.94698554451548,70.392,0.71,charging,True
871791,2019-07-01 16:46:15,47.035400009039144,-122.94698554451548,71.75,0.71,charging,True
872432,2019-07-01 16:47:15,47.035400009039144,-122.94698554451548,73.107,0.71,charging,True
873279,2019-07-01 16:48:15,47.035400009039144,-122.94698554451548,74.465,0.71,charging,True
873717,2019-07-01 16:49:15,47.035400009039144,-122.94698554451548,75.823,0.71,charging,True
874364,2019-07-01 16:50:15,47.035400009039144,-122.94698554451548,77.181,0.71,charging,True
875210,2019-07-01 16:51:15,47.035400009039144,-122.94698554451548,78.538,0.71,charging,True
875817,2019-07-01 16:52:15,47.035400009039144,-122.94698554451548,79.896,0.71,charging,True
876477,2019-07-01 16:53:15,47.035400009039144,-122.94698554451548,81.254,0.71,driving,False
877104,2019-07-01 16:54:15,47.02759249859611,-122.93129230723225,80.789,0.71,driving,False
877703,2019-07-01 16:55:15,47.02431313686508,-122.91143045087325,80.281,0.71,driving,False
878309,2019-07-01 16:56:15,47.01338152747642,-122.90617482754521,79.816,0.71,driving,False
878744,2019-07-01 16:57:15,47.00101395089335,-122.91164575514921,79.359,0.71,driving,False
879349,2019-07-01 16:58:15,46.98931067775321,-122.91991163456032,78.902,0.71,driving,False
880142,2019-07-01 16:59:15,46.978002491048706,-122.92936554248166,78.445,0.71,driving,False
880560,2019-07-01 17:00:15,46.96538952921792,-122.93390964682011,77.988,0.71,driving,False
881180,2019-07-01 17:01:15,46.95274948479048,-122.93743772225156,77.531,0.71,driving,False
881990,2019-07-01 17:02:15,46.93855606035599,-122.94159802168862,77.024,0.71,driving,False
882556,2019-07-01 17:03:15,46.927201933276386,-122.9449298637892,76.618,0.71,driving,False
883154,2019-07-01 17:04:15,46.91569830276913,-122.95000351849787,76.195,0.71,driving,False
883761,2019-07-01 17:05:15,46.90499837167887,-122.95646952768443,75.789,0.71,driving,False
884322,2019-07-01 17:06:15,46.89351659727134,-122.96168609193921,75.366,0.71,driving,False
884912,2019-07-01 17:07:15,46.88221083817716,-122.96535025458657,74.96,0.71,driving,False
885318,2019-07-01 17:08:15,46.87043214931101,-122.96915399314219,74.537,0.71,driving,False
885894,2019-07-01 17:09:15,46.85917857310661,-122.97308926385622,74.13,0.71,driving,False
886669,2019-07-01 17:10:15,46.84801902650756,-122.97976976338462,73.707,0.71,driving,False
887064,2019-07-01 17:11:15,46.837306355589774,-122.98618329084776,73.301,0.71,driving,False
887645,2019-07-01 17:12:15,46.82615113612439,-122.9928759569754,72.878,0.71,driving,False
888413,2019-07-01 17:13:15,46.81543980751224,-122.99929120401035,72.472,0.71,driving,False
888975,2019-07-01 17:14:15,46.8042817829995,-123.00597074263077,72.049,0.71,driving,False
889566,2019-07-01 17:15:15,46.793270315006964,-123.00974038733253,71.643,0.71,driving,False
890130,2019-07-01 17:16:15,46.78057489421898,-123.00204946837438,71.161,0.71,driving,False
890691,2019-07-01 17:17:15,46.76945405174874,-122.99524304227654,70.738,0.71,driving,False
891267,2019-07-01 17:18:15,46.756752609187686,-122.98756907007623,70.256,0.71,driving,False
891646,2019-07-01 17:19:15,46.745661006535364,-122.98067099081422,69.833,0.71,driving,False
892206,2019-07-01 17:20:15,46.73286828696379,-122.97555076351371,69.35,0.71,driving,False
892934,2019-07-01 17:21:15,46.720900426489926,-122.97649436106308,68.927,0.71,driving,False
893324,2019-07-01 17:22:15,46.70727837000039,-122.97403180691016,68.445,0.71,driving,False
893880,2019-07-01 17:23:15,46.69670586685671,-122.97043740449735,68.064,0.71,driving,False
894603,2019-07-01 17:24:15,46.68665158275139,-122.97058000372627,67.709,0.71,driving,False
895143,2019-07-01 17:25:15,46.67577429562359,-122.97527358337527,67.303,0.71,driving,False
895708,2019-07-01 17:26:15,46.666675188651574,-122.98010178764117,66.948,0.71,driving,False
896251,2019-07-01 17:27:15,46.655520631140135,-122.97610009363409,66.542,0.71,driving,False
896777,2019-07-01 17:28:15,46.6471183174262,-122.96134500244553,66.076,0.71,driving,False
897320,2019-07-01 17:29:15,46.63831182564771,-122.94711079151534,65.611,0.71,driving,False
897692,2019-07-01 17:30:15,46.62807647246144,-122.9348484990297,65.146,0.71,driving,False
898210,2019-07-01 17:31:15,46.61786938470276,-122.92253964166301,64.68,0.71,driving,False
898912,2019-07-01 17:32:15,46.60843361541286,-122.9090071198451,64.215,0.71,driving,False
899282,2019-07-01 17:33:15,46.59650191082957,-122.90062693230777,63.75,0.71,driving,False
899831,2019-07-01 17:34:15,46.585420498415075,-122.8900351068464,63.284,0.71,driving,False
900502,2019-07-01 17:35:15,46.57386101748754,-122.88083306668545,62.819,0.71,driving,False
901022,2019-07-01 17:36:15,46.560559369904,-122.87648643522994,62.337,0.71,driving,False
901548,2019-07-01 17:37:15,46.54680577405266,-122.8764863312773,61.855,0.71,driving,False
902064,2019-07-01 17:38:15,46.53353472697864,-122.87650012756272,61.389,0.71,driving,False
902553,2019-07-01 17:39:15,46.52026363787704,-122.87650300662163,60.924,0.71,driving,False
903060,2019-07-01 17:40:15,46.50699253545905,-122.87651157459574,60.459,0.71,driving,False
903427,2019-07-01 17:41:15,46.49372484732974,-122.87665442700684,59.993,0.71,driving,False
903924,2019-07-01 17:42:15,46.48082690109212,-122.88112649387087,59.528,0.71,driving,False
904584,2019-07-01 17:43:15,46.46778590808125,-122.8844180794205,59.063,0.71,driving,False
904931,2019-07-01 17:44:15,46.45409726391846,-122.88635324456035,58.581,0.71,driving,False
905435,2019-07-01 17:45:15,46.440412391650355,-122.88834187618595,58.098,0.71,driving,False
906096,2019-07-01 17:46:15,46.42672319559168,-122.89027216314163,57.616,0.71,driving,False
906580,2019-07-01 17:47:15,46.41424061450036,-122.89011002880271,57.176,0.71,driving,False
907080,2019-07-01 17:48:15,46.40280313886541,-122.89455266134873,56.736,0.71,driving,False
907585,2019-07-01 17:49:15,46.39157435947921,-122.90148427831107,56.296,0.71,driving,False
908064,2019-07-01 17:50:15,46.379229723441995,-122.90473141638478,55.856,0.71,driving,False
908536,2019-07-01 17:51:15,46.36687153628337,-122.90784527614744,55.416,0.71,driving,False
908875,2019-07-01 17:52:15,46.35444105887171,-122.9057827459057,54.976,0.71,driving,False
909360,2019-07-01 17:53:15,46.34193097880492,-122.90715312720477,54.537,0.71,driving,False
909995,2019-07-01 17:54:15,46.329459083682686,-122.90894019548733,54.097,0.71,driving,False
910322,2019-07-01 17:55:15,46.317718559718394,-122.91491120808625,53.657,0.71,driving,False
910790,2019-07-01 17:56:15,46.30531682993626,-122.91235839653693,53.217,0.71,driving,False
911440,2019-07-01 17:57:15,46.293307103577845,-122.90723919888967,52.777,0.71,driving,False
911895,2019-07-01 17:58:15,46.281599596859635,-122.90073469792983,52.337,0.71,driving,False
912371,2019-07-01 17:59:15,46.27114397454219,-122.89440308418274,51.939,0.71,driving,False
912847,2019-07-01 18:00:15,46.26080181630096,-122.88770133438192,51.542,0.71,driving,False
913295,2019-07-01 18:01:15,46.25008777694556,-122.88386685705109,51.144,0.71,driving,False
913769,2019-07-01 18:02:15,46.23887440789894,-122.8862828564882,50.746,0.71,driving,False
914089,2019-07-01 18:03:15,46.2276041588588,-122.88811041660136,50.349,0.71,driving,False
914530,2019-07-01 18:04:15,46.21639354991996,-122.89054628477759,49.951,0.71,driving,False
915142,2019-07-01 18:05:15,46.20511541005328,-122.89201500707296,49.553,0.71,driving,False
915468,2019-07-01 18:06:15,46.193903929128446,-122.8939869498017,49.156,0.71,driving,False
915928,2019-07-01 18:07:15,46.18288395652948,-122.89784634155642,48.758,0.71,driving,False
916525,2019-07-01 18:08:15,46.1725103552556,-122.90429521521574,48.361,0.71,driving,False
916975,2019-07-01 18:09:15,46.16124464753651,-122.90267137631345,47.963,0.71,driving,False
917441,2019-07-01 18:10:15,46.15007108585198,-122.90004334754634,47.565,0.71,driving,False
917890,2019-07-01 18:11:15,46.13905372304743,-122.89776975953984,47.168,0.71,driving,False
918319,2019-07-01 18:12:15,46.126790442914064,-122.89617220435859,46.719,0.71,driving,False
918771,2019-07-01 18:13:15,46.11685116222451,-122.88555148773129,46.271,0.71,driving,False
919090,2019-07-01 18:14:15,46.10517861994273,-122.8780490710295,45.822,0.71,driving,False
919515,2019-07-01 18:15:15,46.09345147206574,-122.87164566240288,45.383,0.71,driving,False
920088,2019-07-01 18:16:15,46.07899849425821,-122.86634466162808,44.858,0.71,driving,False
920378,2019-07-01 18:17:15,46.06654175368306,-122.86777243262577,44.418,0.71,driving,False
920828,2019-07-01 18:18:15,46.05211881617383,-122.8624976047762,43.894,0.71,driving,False
921382,2019-07-01 18:19:15,46.039905351224974,-122.85836552357868,43.454,0.71,driving,False
921788,2019-07-01 18:20:15,46.025409598108304,-122.85306245799282,42.929,0.71,driving,False
922244,2019-07-01 18:21:15,46.01342385798824,-122.84796111465711,42.489,0.71,driving,False
922667,2019-07-01 18:22:15,45.99919481157675,-122.8416149301543,41.965,0.71,driving,False
923060,2019-07-01 18:23:15,45.988542571481325,-122.83209939532664,41.525,0.71,driving,False
923481,2019-07-01 18:24:15,45.97598936818313,-122.82042804992079,41.0,0.71,driving,False
923757,2019-07-01 18:25:15,45.96556042500221,-122.810420143916,40.56,0.71,driving,False
924153,2019-07-01 18:26:15,45.955397158396295,-122.79486337193927,40.036,0.71,driving,False
924672,2019-07-01 18:27:15,45.94689998710012,-122.78162977737523,39.596,0.71,driving,False
924932,2019-07-01 18:28:15,45.93676400736549,-122.76585501859468,39.071,0.71,driving,False
925345,2019-07-01 18:29:15,45.92675179722723,-122.75550491845502,38.631,0.71,driving,False
925855,2019-07-01 18:30:15,45.913061317323205,-122.74686666755059,38.107,0.71,driving,False
926218,2019-07-01 18:31:15,45.90148711689754,-122.7399386956671,37.667,0.71,driving,False
926620,2019-07-01 18:32:15,45.89103448412365,-122.7336342189189,37.269,0.71,driving,False
927002,2019-07-01 18:33:15,45.880784047483125,-122.72225582917298,36.804,0.71,driving,False
927366,2019-07-01 18:34:15,45.87266794027551,-122.71105153181838,36.406,0.71,driving,False
927745,2019-07-01 18:35:15,45.86025293137877,-122.70543035074637,35.941,0.71,driving,False
927995,2019-07-01 18:36:15,45.84932278043401,-122.70131102328943,35.543,0.71,driving,False
928382,2019-07-01 18:37:15,45.8367037689812,-122.69542443218903,35.078,0.71,driving,False
928875,2019-07-01 18:38:15,45.825914420020204,-122.69042110227863,34.68,0.71,driving,False
929131,2019-07-01 18:39:15,45.813292767579604,-122.68454855152451,34.215,0.71,driving,False
929506,2019-07-01 18:40:15,45.801131068097305,-122.6788867897369,33.767,0.71,driving,False
930003,2019-07-01 18:41:15,45.78875790999981,-122.67432995367786,33.318,0.71,driving,False
930368,2019-07-01 18:42:15,45.77961632781253,-122.6654321418226,32.87,0.71,driving,False
930744,2019-07-01 18:43:15,45.77970334253326,-122.64648875230861,32.405,0.71,driving,False
931089,2019-07-01 18:44:15,45.77974139774326,-122.63131398390304,32.032,0.71,driving,False
931454,2019-07-01 18:45:15,45.779948145116165,-122.61407206609712,31.609,0.71,driving,False
931828,2019-07-01 18:46:15,45.78015113240849,-122.59889941363961,31.237,0.71,driving,False
932064,2019-07-01 18:47:15,45.78026645926786,-122.58510433828098,30.899,0.71,driving,False
932421,2019-07-01 18:48:15,45.78044910522907,-122.56993086164337,30.526,0.71,driving,False
932900,2019-07-01 18:49:15,45.78061028527155,-122.55626974975262,30.188,0.71,driving,False
933145,2019-07-01 18:50:15,45.784203554810674,-122.5475281712458,29.85,0.71,driving,False
933504,2019-07-01 18:51:15,45.79482000558463,-122.54749627189807,29.477,0.71,driving,False
933963,2019-07-01 18:52:15,45.80528272240436,-122.54898124764856,29.105,0.71,driving,False
934313,2019-07-01 18:53:15,45.81558057090075,-122.54780103809662,28.733,0.71,driving,False
934674,2019-07-01 18:54:15,45.824769769901245,-122.54042079884069,28.361,0.71,driving,False
935020,2019-07-01 18:55:15,45.83493831373444,-122.53689908833371,27.988,0.71,driving,False
935348,2019-07-01 18:56:15,45.84407402900227,-122.529448698344,27.616,0.71,driving,False
935684,2019-07-01 18:57:15,45.85325108637112,-122.52205298643175,27.244,0.71,driving,False
935914,2019-07-01 18:58:15,45.86379322050477,-122.52072929255439,26.872,0.71,driving,False
936228,2019-07-01 18:59:15,45.873757349928155,-122.51635865364321,26.499,0.71,driving,False
936639,2019-07-01 19:00:15,45.885181913555215,-122.51421695453585,26.085,0.71,driving,False
936881,2019-07-01 19:01:15,45.89135040131288,-122.50440422841035,25.713,0.71,driving,False
937215,2019-07-01 19:02:15,45.892917669584136,-122.48992796958194,25.298,0.71,driving,False
937625,2019-07-01 19:03:15,45.89615649812118,-122.47653841242688,24.926,0.71,driving,False
937938,2019-07-01 19:04:15,45.89575750724264,-122.45969276172447,24.511,0.71,driving,False
938263,2019-07-01 19:05:15,45.84367399787918,-122.3922099995541,24.511,0.71,finished,False
938589,2019-07-01 19:06:15,45.84367399787918,-122.3922099995541,24.511,0.71,done,False
